Native,Unicode,Bytes,Description,Sentiment.score
😁,U+1F601,\xF0\x9F\x98\x81,GRINNING FACE WITH SMILING EYES,0.449
😂,U+1F602,\xF0\x9F\x98\x82,FACE WITH TEARS OF JOY,0.221
😃,U+1F603,\xF0\x9F\x98\x83,SMILING FACE WITH OPEN MOUTH,0.557
😄,U+1F604,\xF0\x9F\x98\x84,SMILING FACE WITH OPEN MOUTH AND SMILING EYES,0.421
😅,U+1F605,\xF0\x9F\x98\x85,SMILING FACE WITH OPEN MOUTH AND COLD SWEAT,0.178
😆,U+1F606,\xF0\x9F\x98\x86,SMILING FACE WITH OPEN MOUTH AND TIGHTLY-CLOSED EYES,0.409
😉,U+1F609,\xF0\x9F\x98\x89,WINKING FACE,0.463
😊,U+1F60A,\xF0\x9F\x98\x8A,SMILING FACE WITH SMILING EYES,0.644
😋,U+1F60B,\xF0\x9F\x98\x8B,FACE SAVOURING DELICIOUS FOOD,0.631
😌,U+1F60C,\xF0\x9F\x98\x8C,RELIEVED FACE,0.482
😍,U+1F60D,\xF0\x9F\x98\x8D,SMILING FACE WITH HEART-SHAPED EYES,0.678
😏,U+1F60F,\xF0\x9F\x98\x8F,SMIRKING FACE,0.332
😒,U+1F612,\xF0\x9F\x98\x92,UNAMUSED FACE,-0.374
😓,U+1F613,\xF0\x9F\x98\x93,FACE WITH COLD SWEAT,-0.08
😔,U+1F614,\xF0\x9F\x98\x94,PENSIVE FACE,-0.146
😖,U+1F616,\xF0\x9F\x98\x96,CONFOUNDED FACE,-0.155
😘,U+1F618,\xF0\x9F\x98\x98,FACE THROWING A KISS,0.701
😚,U+1F61A,\xF0\x9F\x98\x9A,KISSING FACE WITH CLOSED EYES,0.71
😜,U+1F61C,\xF0\x9F\x98\x9C,FACE WITH STUCK-OUT TONGUE AND WINKING EYE,0.455
😝,U+1F61D,\xF0\x9F\x98\x9D,FACE WITH STUCK-OUT TONGUE AND TIGHTLY-CLOSED EYES,0.423
😞,U+1F61E,\xF0\x9F\x98\x9E,DISAPPOINTED FACE,-0.118
😠,U+1F620,\xF0\x9F\x98\xA0,ANGRY FACE,-0.299
😡,U+1F621,\xF0\x9F\x98\xA1,POUTING FACE,-0.173
😢,U+1F622,\xF0\x9F\x98\xA2,CRYING FACE,0.007
😣,U+1F623,\xF0\x9F\x98\xA3,PERSEVERING FACE,-0.212
😤,U+1F624,\xF0\x9F\x98\xA4,FACE WITH LOOK OF TRIUMPH,-0.209
😥,U+1F625,\xF0\x9F\x98\xA5,DISAPPOINTED BUT RELIEVED FACE,0.122
😨,U+1F628,\xF0\x9F\x98\xA8,FEARFUL FACE,-0.14
😩,U+1F629,\xF0\x9F\x98\xA9,WEARY FACE,-0.368
😪,U+1F62A,\xF0\x9F\x98\xAA,SLEEPY FACE,-0.08
😫,U+1F62B,\xF0\x9F\x98\xAB,TIRED FACE,-0.145
😭,U+1F62D,\xF0\x9F\x98\xAD,LOUDLY CRYING FACE,-0.093
😰,U+1F630,\xF0\x9F\x98\xB0,FACE WITH OPEN MOUTH AND COLD SWEAT,-0.02
😱,U+1F631,\xF0\x9F\x98\xB1,FACE SCREAMING IN FEAR,0.19
😲,U+1F632,\xF0\x9F\x98\xB2,ASTONISHED FACE,-0.068
😳,U+1F633,\xF0\x9F\x98\xB3,FLUSHED FACE,0.018
😵,U+1F635,\xF0\x9F\x98\xB5,DIZZY FACE,0.085
😷,U+1F637,\xF0\x9F\x98\xB7,FACE WITH MEDICAL MASK,-0.169
😸,U+1F638,\xF0\x9F\x98\xB8,GRINNING CAT FACE WITH SMILING EYES,0.41
😹,U+1F639,\xF0\x9F\x98\xB9,CAT FACE WITH TEARS OF JOY,0.141
😺,U+1F63A,\xF0\x9F\x98\xBA,SMILING CAT FACE WITH OPEN MOUTH,0.395
😻,U+1F63B,\xF0\x9F\x98\xBB,SMILING CAT FACE WITH HEART-SHAPED EYES,0.619
😼,U+1F63C,\xF0\x9F\x98\xBC,CAT FACE WITH WRY SMILE,0.355
😽,U+1F63D,\xF0\x9F\x98\xBD,KISSING CAT FACE WITH CLOSED EYES,0.571
😾,U+1F63E,\xF0\x9F\x98\xBE,POUTING CAT FACE,-0.333
😿,U+1F63F,\xF0\x9F\x98\xBF,CRYING CAT FACE,-0.372
🙀,U+1F640,\xF0\x9F\x99\x80,WEARY CAT FACE,0.33
🙅,U+1F645,\xF0\x9F\x99\x85,FACE WITH NO GOOD GESTURE,-0.202
🙆,U+1F646,\xF0\x9F\x99\x86,FACE WITH OK GESTURE,0.5
🙇,U+1F647,\xF0\x9F\x99\x87,PERSON BOWING DEEPLY,0.14
🙈,U+1F648,\xF0\x9F\x99\x88,SEE-NO-EVIL MONKEY,0.432
🙉,U+1F649,\xF0\x9F\x99\x89,HEAR-NO-EVIL MONKEY,0.333
🙊,U+1F64A,\xF0\x9F\x99\x8A,SPEAK-NO-EVIL MONKEY,0.459
🙋,U+1F64B,\xF0\x9F\x99\x8B,HAPPY PERSON RAISING ONE HAND,0.485
🙌,U+1F64C,\xF0\x9F\x99\x8C,PERSON RAISING BOTH HANDS IN CELEBRATION,0.559
🙍,U+1F64D,\xF0\x9F\x99\x8D,PERSON FROWNING,-0.327
🙎,U+1F64E,\xF0\x9F\x99\x8E,PERSON WITH POUTING FACE,-0.05
🙏,U+1F64F,\xF0\x9F\x99\x8F,PERSON WITH FOLDED HANDS,0.417
😀,U+1F600,\xF0\x9F\x98\x80,GRINNING FACE,0.568
😇,U+1F607,\xF0\x9F\x98\x87,SMILING FACE WITH HALO,0.587
😈,U+1F608,\xF0\x9F\x98\x88,SMILING FACE WITH HORNS,0.265
😎,U+1F60E,\xF0\x9F\x98\x8E,SMILING FACE WITH SUNGLASSES,0.491
😐,U+1F610,\xF0\x9F\x98\x90,NEUTRAL FACE,-0.388
😑,U+1F611,\xF0\x9F\x98\x91,EXPRESSIONLESS FACE,-0.311
😕,U+1F615,\xF0\x9F\x98\x95,CONFUSED FACE,-0.397
😗,U+1F617,\xF0\x9F\x98\x97,KISSING FACE,0.611
😙,U+1F619,\xF0\x9F\x98\x99,KISSING FACE WITH SMILING EYES,0.778
😛,U+1F61B,\xF0\x9F\x98\x9B,FACE WITH STUCK-OUT TONGUE,0.601
😟,U+1F61F,\xF0\x9F\x98\x9F,WORRIED FACE,0.072
😦,U+1F626,\xF0\x9F\x98\xA6,FROWNING FACE WITH OPEN MOUTH,-0.368
😧,U+1F627,\xF0\x9F\x98\xA7,ANGUISHED FACE,-0.063
😬,U+1F62C,\xF0\x9F\x98\xAC,GRIMACING FACE,0.194
😮,U+1F62E,\xF0\x9F\x98\xAE,FACE WITH OPEN MOUTH,0.269
😯,U+1F62F,\xF0\x9F\x98\xAF,HUSHED FACE,0.123
😴,U+1F634,\xF0\x9F\x98\xB4,SLEEPING FACE,-0.08
😶,U+1F636,\xF0\x9F\x98\xB6,FACE WITHOUT MOUTH,-0.142
✂,U+2702,\xE2\x9C\x82,BLACK SCISSORS,-0.459
✅,U+2705,\xE2\x9C\x85,WHITE HEAVY CHECK MARK,0.407
✈,U+2708,\xE2\x9C\x88,AIRPLANE,0.415
✉,U+2709,\xE2\x9C\x89,ENVELOPE,0.25
✊,U+270A,\xE2\x9C\x8A,RAISED FIST,0.429
✋,U+270B,\xE2\x9C\x8B,RAISED HAND,0.126
✌,U+270C,\xE2\x9C\x8C,VICTORY HAND,0.463
✏,U+270F,\xE2\x9C\x8F,PENCIL,0.342
✒,U+2712,\xE2\x9C\x92,BLACK NIB,0.231
✔,U+2714,\xE2\x9C\x94,HEAVY CHECK MARK,0.27
✖,U+2716,\xE2\x9C\x96,HEAVY MULTIPLICATION X,0.311
✨,U+2728,\xE2\x9C\xA8,SPARKLES,0.351
✳,U+2733,\xE2\x9C\xB3,EIGHT SPOKED ASTERISK,0
✴,U+2734,\xE2\x9C\xB4,EIGHT POINTED BLACK STAR,#N/A
❄,U+2744,\xE2\x9D\x84,SNOWFLAKE,0.506
❇,U+2747,\xE2\x9D\x87,SPARKLE,#N/A
❌,U+274C,\xE2\x9D\x8C,CROSS MARK,0.271
❎,U+274E,\xE2\x9D\x8E,NEGATIVE SQUARED CROSS MARK,#N/A
❓,U+2753,\xE2\x9D\x93,BLACK QUESTION MARK ORNAMENT,0.068
❔,U+2754,\xE2\x9D\x94,WHITE QUESTION MARK ORNAMENT,0
❕,U+2755,\xE2\x9D\x95,WHITE EXCLAMATION MARK ORNAMENT,0.2
❗,U+2757,\xE2\x9D\x97,HEAVY EXCLAMATION MARK SYMBOL,0.1
❤,U+2764,\xE2\x9D\xA4,HEAVY BLACK HEART,0.746
➕,U+2795,\xE2\x9E\x95,HEAVY PLUS SIGN,0.529
➖,U+2796,\xE2\x9E\x96,HEAVY MINUS SIGN,#N/A
➗,U+2797,\xE2\x9E\x97,HEAVY DIVISION SIGN,#N/A
➡,U+27A1,\xE2\x9E\xA1,BLACK RIGHTWARDS ARROW,0.147
➰,U+27B0,\xE2\x9E\xB0,CURLY LOOP,-0.091
🚀,U+1F680,\xF0\x9F\x9A\x80,ROCKET,0.488
🚃,U+1F683,\xF0\x9F\x9A\x83,RAILWAY CAR,#N/A
🚄,U+1F684,\xF0\x9F\x9A\x84,HIGH-SPEED TRAIN,0.5
🚅,U+1F685,\xF0\x9F\x9A\x85,HIGH-SPEED TRAIN WITH BULLET NOSE,#N/A
🚇,U+1F687,\xF0\x9F\x9A\x87,METRO,#N/A
🚉,U+1F689,\xF0\x9F\x9A\x89,STATION,#N/A
🚌,U+1F68C,\xF0\x9F\x9A\x8C,BUS,0.19
🚏,U+1F68F,\xF0\x9F\x9A\x8F,BUS STOP,#N/A
🚑,U+1F691,\xF0\x9F\x9A\x91,AMBULANCE,0.071
🚒,U+1F692,\xF0\x9F\x9A\x92,FIRE ENGINE,#N/A
🚓,U+1F693,\xF0\x9F\x9A\x93,POLICE CAR,0.273
🚕,U+1F695,\xF0\x9F\x9A\x95,TAXI,0
🚗,U+1F697,\xF0\x9F\x9A\x97,AUTOMOBILE,0.231
🚙,U+1F699,\xF0\x9F\x9A\x99,RECREATIONAL VEHICLE,0.036
🚚,U+1F69A,\xF0\x9F\x9A\x9A,DELIVERY TRUCK,-0.077
🚢,U+1F6A2,\xF0\x9F\x9A\xA2,SHIP,0.231
🚤,U+1F6A4,\xF0\x9F\x9A\xA4,SPEEDBOAT,0.333
🚥,U+1F6A5,\xF0\x9F\x9A\xA5,HORIZONTAL TRAFFIC LIGHT,0
🚧,U+1F6A7,\xF0\x9F\x9A\xA7,CONSTRUCTION SIGN,#N/A
🚨,U+1F6A8,\xF0\x9F\x9A\xA8,POLICE CARS REVOLVING LIGHT,0.638
🚩,U+1F6A9,\xF0\x9F\x9A\xA9,TRIANGULAR FLAG ON POST,-0.2
🚪,U+1F6AA,\xF0\x9F\x9A\xAA,DOOR,#N/A
🚫,U+1F6AB,\xF0\x9F\x9A\xAB,NO ENTRY SIGN,-0.44
🚬,U+1F6AC,\xF0\x9F\x9A\xAC,SMOKING SYMBOL,0.521
🚭,U+1F6AD,\xF0\x9F\x9A\xAD,NO SMOKING SYMBOL,#N/A
🚲,U+1F6B2,\xF0\x9F\x9A\xB2,BICYCLE,0.375
🚶,U+1F6B6,\xF0\x9F\x9A\xB6,PEDESTRIAN,-0.143
🚹,U+1F6B9,\xF0\x9F\x9A\xB9,MENS SYMBOL,0.69
🚺,U+1F6BA,\xF0\x9F\x9A\xBA,WOMENS SYMBOL,0.167
🚻,U+1F6BB,\xF0\x9F\x9A\xBB,RESTROOM,#N/A
🚼,U+1F6BC,\xF0\x9F\x9A\xBC,BABY SYMBOL,0.556
🚽,U+1F6BD,\xF0\x9F\x9A\xBD,TOILET,#N/A
🚾,U+1F6BE,\xF0\x9F\x9A\xBE,WATER CLOSET,#N/A
🛀,U+1F6C0,\xF0\x9F\x9B\x80,BATH,0.125
🚁,🚁,\xF0\x9F\x9A\x81,HELICOPTER,0.125
🚂,🚂,\xF0\x9F\x9A\x82,STEAM LOCOMOTIVE,0.25
🚆,🚆,\xF0\x9F\x9A\x86,TRAIN,#N/A
🚈,🚈,\xF0\x9F\x9A\x88,LIGHT RAIL,#N/A
🚊,🚊,\xF0\x9F\x9A\x8A,TRAM,#N/A
🚍,🚍,\xF0\x9F\x9A\x8D,ONCOMING BUS,0.071
🚎,🚎,\xF0\x9F\x9A\x8E,TROLLEYBUS,#N/A
🚐,🚐,\xF0\x9F\x9A\x90,MINIBUS,0.556
🚔,🚔,\xF0\x9F\x9A\x94,ONCOMING POLICE CAR,0
🚖,🚖,\xF0\x9F\x9A\x96,ONCOMING TAXI,-0.083
🚘,🚘,\xF0\x9F\x9A\x98,ONCOMING AUTOMOBILE,0.067
🚛,🚛,\xF0\x9F\x9A\x9B,ARTICULATED LORRY,-0.182
🚜,🚜,\xF0\x9F\x9A\x9C,TRACTOR,0.7
🚝,🚝,\xF0\x9F\x9A\x9D,MONORAIL,#N/A
🚞,🚞,\xF0\x9F\x9A\x9E,MOUNTAIN RAILWAY,#N/A
🚟,🚟,\xF0\x9F\x9A\x9F,SUSPENSION RAILWAY,#N/A
🚠,🚠,\xF0\x9F\x9A\xA0,MOUNTAIN CABLEWAY,#N/A
🚡,🚡,\xF0\x9F\x9A\xA1,AERIAL TRAMWAY,#N/A
🚣,🚣,\xF0\x9F\x9A\xA3,ROWBOAT,0.571
🚦,🚦,\xF0\x9F\x9A\xA6,VERTICAL TRAFFIC LIGHT,0.083
🚮,🚮,\xF0\x9F\x9A\xAE,PUT LITTER IN ITS PLACE SYMBOL,#N/A
🚯,🚯,\xF0\x9F\x9A\xAF,DO NOT LITTER SYMBOL,#N/A
🚰,🚰,\xF0\x9F\x9A\xB0,POTABLE WATER SYMBOL,#N/A
🚱,🚱,\xF0\x9F\x9A\xB1,NON-POTABLE WATER SYMBOL,#N/A
🚳,🚳,\xF0\x9F\x9A\xB3,NO BICYCLES,0.667
🚴,🚴,\xF0\x9F\x9A\xB4,BICYCLIST,0.657
🚵,🚵,\xF0\x9F\x9A\xB5,MOUNTAIN BICYCLIST,0.353
🚷,🚷,\xF0\x9F\x9A\xB7,NO PEDESTRIANS,#N/A
🚸,🚸,\xF0\x9F\x9A\xB8,CHILDREN CROSSING,#N/A
🚿,🚿,\xF0\x9F\x9A\xBF,SHOWER,0.6
🛁,🛁,\xF0\x9F\x9B\x81,BATHTUB,#N/A
🛂,🛂,\xF0\x9F\x9B\x82,PASSPORT CONTROL,#N/A
🛃,🛃,\xF0\x9F\x9B\x83,CUSTOMS,#N/A
🛄,🛄,\xF0\x9F\x9B\x84,BAGGAGE CLAIM,#N/A
🛅,🛅,\xF0\x9F\x9B\x85,LEFT LUGGAGE,#N/A
Ⓜ,U+24C2,\xE2\x93\x82,CIRCLED LATIN CAPITAL LETTER M,0.25
🅰,U+1F170,\xF0\x9F\x85\xB0,NEGATIVE SQUARED LATIN CAPITAL LETTER A,0.222
🅱,U+1F171,\xF0\x9F\x85\xB1,NEGATIVE SQUARED LATIN CAPITAL LETTER B,#N/A
🅾,U+1F17E,\xF0\x9F\x85\xBE,NEGATIVE SQUARED LATIN CAPITAL LETTER O,-0.125
🅿,U+1F17F,\xF0\x9F\x85\xBF,NEGATIVE SQUARED LATIN CAPITAL LETTER P,#N/A
🆎,U+1F18E,\xF0\x9F\x86\x8E,NEGATIVE SQUARED AB,#N/A
🆑,U+1F191,\xF0\x9F\x86\x91,SQUARED CL,#N/A
🆒,U+1F192,\xF0\x9F\x86\x92,SQUARED COOL,0.364
🆓,U+1F193,\xF0\x9F\x86\x93,SQUARED FREE,0.2
🆔,U+1F194,\xF0\x9F\x86\x94,SQUARED ID,0.75
🆕,U+1F195,\xF0\x9F\x86\x95,SQUARED NEW,#N/A
🆖,U+1F196,\xF0\x9F\x86\x96,SQUARED NG,#N/A
🆗,U+1F197,\xF0\x9F\x86\x97,SQUARED OK,0.537
🆘,U+1F198,\xF0\x9F\x86\x98,SQUARED SOS,0.071
🆙,U+1F199,\xF0\x9F\x86\x99,SQUARED UP WITH EXCLAMATION MARK,#N/A
🆚,U+1F19A,\xF0\x9F\x86\x9A,SQUARED VS,#N/A
🇩🇪,U+1F1E9 U+1F1EA,\xF0\x9F\x87\xA9\xF0\x9F\x87\xAA,REGIONAL INDICATOR SYMBOL LETTER D + REGIONAL INDICATOR SYMBOL LETTER E,#N/A
🇬🇧,U+1F1EC U+1F1E7,\xF0\x9F\x87\xAC\xF0\x9F\x87\xA7,REGIONAL INDICATOR SYMBOL LETTER G + REGIONAL INDICATOR SYMBOL LETTER B,#N/A
🇨🇳,U+1F1E8 U+1F1F3,\xF0\x9F\x87\xA8\xF0\x9F\x87\xB3,REGIONAL INDICATOR SYMBOL LETTER C + REGIONAL INDICATOR SYMBOL LETTER N,#N/A
🇯🇵,U+1F1EF U+1F1F5,\xF0\x9F\x87\xAF\xF0\x9F\x87\xB5,REGIONAL INDICATOR SYMBOL LETTER J + REGIONAL INDICATOR SYMBOL LETTER P,#N/A
🇰🇷,U+1F1F0 U+1F1F7,\xF0\x9F\x87\xB0\xF0\x9F\x87\xB7,REGIONAL INDICATOR SYMBOL LETTER K + REGIONAL INDICATOR SYMBOL LETTER R,#N/A
🇫🇷,U+1F1EB U+1F1F7,\xF0\x9F\x87\xAB\xF0\x9F\x87\xB7,REGIONAL INDICATOR SYMBOL LETTER F + REGIONAL INDICATOR SYMBOL LETTER R,#N/A
🇪🇸,U+1F1EA U+1F1F8,\xF0\x9F\x87\xAA\xF0\x9F\x87\xB8,REGIONAL INDICATOR SYMBOL LETTER E + REGIONAL INDICATOR SYMBOL LETTER S,#N/A
🇮🇹,U+1F1EE U+1F1F9,\xF0\x9F\x87\xAE\xF0\x9F\x87\xB9,REGIONAL INDICATOR SYMBOL LETTER I + REGIONAL INDICATOR SYMBOL LETTER T,#N/A
🇺🇸,U+1F1FA U+1F1F8,\xF0\x9F\x87\xBA\xF0\x9F\x87\xB8,REGIONAL INDICATOR SYMBOL LETTER U + REGIONAL INDICATOR SYMBOL LETTER S,#N/A
🇷🇺,U+1F1F7 U+1F1FA,\xF0\x9F\x87\xB7\xF0\x9F\x87\xBA,REGIONAL INDICATOR SYMBOL LETTER R + REGIONAL INDICATOR SYMBOL LETTER U,#N/A
🈁,U+1F201,\xF0\x9F\x88\x81,SQUARED KATAKANA KOKO,#N/A
🈂,U+1F202,\xF0\x9F\x88\x82,SQUARED KATAKANA SA,#N/A
🈚,U+1F21A,\xF0\x9F\x88\x9A,SQUARED CJK UNIFIED IDEOGRAPH-7121,#N/A
🈯,U+1F22F,\xF0\x9F\x88\xAF,SQUARED CJK UNIFIED IDEOGRAPH-6307,#N/A
🈲,U+1F232,\xF0\x9F\x88\xB2,SQUARED CJK UNIFIED IDEOGRAPH-7981,#N/A
🈳,U+1F233,\xF0\x9F\x88\xB3,SQUARED CJK UNIFIED IDEOGRAPH-7A7A,#N/A
🈴,U+1F234,\xF0\x9F\x88\xB4,SQUARED CJK UNIFIED IDEOGRAPH-5408,#N/A
🈵,U+1F235,\xF0\x9F\x88\xB5,SQUARED CJK UNIFIED IDEOGRAPH-6E80,#N/A
🈶,U+1F236,\xF0\x9F\x88\xB6,SQUARED CJK UNIFIED IDEOGRAPH-6709,#N/A
🈷,U+1F237,\xF0\x9F\x88\xB7,SQUARED CJK UNIFIED IDEOGRAPH-6708,#N/A
🈸,U+1F238,\xF0\x9F\x88\xB8,SQUARED CJK UNIFIED IDEOGRAPH-7533,#N/A
🈹,U+1F239,\xF0\x9F\x88\xB9,SQUARED CJK UNIFIED IDEOGRAPH-5272,0.292
🈺,U+1F23A,\xF0\x9F\x88\xBA,SQUARED CJK UNIFIED IDEOGRAPH-55B6,#N/A
🉐,U+1F250,\xF0\x9F\x89\x90,CIRCLED IDEOGRAPH ADVANTAGE,#N/A
🉑,U+1F251,\xF0\x9F\x89\x91,CIRCLED IDEOGRAPH ACCEPT,#N/A
©,U+00A9,\xC2\xA9,COPYRIGHT SIGN,0.117
®,U+00AE,\xC2\xAE,REGISTERED SIGN,0.279
‼,U+203C,\xE2\x80\xBC,DOUBLE EXCLAMATION MARK,#N/A
⁉,U+2049,\xE2\x81\x89,EXCLAMATION QUESTION MARK,#N/A
8⃣,U+0038 U+20E3,\x38\xE2\x83\xA3,DIGIT EIGHT + COMBINING ENCLOSING KEYCAP,#N/A
9⃣,U+0039 U+20E3,\x39\xE2\x83\xA3,DIGIT NINE + COMBINING ENCLOSING KEYCAP,#N/A
7⃣,U+0037 U+20E3,\x37\xE2\x83\xA3,DIGIT SEVEN + COMBINING ENCLOSING KEYCAP,#N/A
6⃣,U+0036 U+20E3,\x36\xE2\x83\xA3,DIGIT SIX + COMBINING ENCLOSING KEYCAP,#N/A
1⃣,U+0031 U+20E3,\x31\xE2\x83\xA3,DIGIT ONE + COMBINING ENCLOSING KEYCAP,#N/A
0⃣,U+0030 U+20E3,\x30\xE2\x83\xA3,DIGIT ZERO + COMBINING ENCLOSING KEYCAP,#N/A
2⃣,U+0032 U+20E3,\x32\xE2\x83\xA3,DIGIT TWO + COMBINING ENCLOSING KEYCAP,#N/A
3⃣,U+0033 U+20E3,\x33\xE2\x83\xA3,DIGIT THREE + COMBINING ENCLOSING KEYCAP,#N/A
5⃣,U+0035 U+20E3,\x35\xE2\x83\xA3,DIGIT FIVE + COMBINING ENCLOSING KEYCAP,#N/A
4⃣,U+0034 U+20E3,\x34\xE2\x83\xA3,DIGIT FOUR + COMBINING ENCLOSING KEYCAP,#N/A
#⃣,U+0023 U+20E3,\x23\xE2\x83\xA3,NUMBER SIGN + COMBINING ENCLOSING KEYCAP,#N/A
™,U+2122,\xE2\x84\xA2,TRADE MARK SIGN,#N/A
ℹ,U+2139,\xE2\x84\xB9,INFORMATION SOURCE,#N/A
↔,U+2194,\xE2\x86\x94,LEFT RIGHT ARROW,#N/A
↕,U+2195,\xE2\x86\x95,UP DOWN ARROW,#N/A
↖,U+2196,\xE2\x86\x96,NORTH WEST ARROW,#N/A
↗,U+2197,\xE2\x86\x97,NORTH EAST ARROW,#N/A
↘,U+2198,\xE2\x86\x98,SOUTH EAST ARROW,#N/A
↙,U+2199,\xE2\x86\x99,SOUTH WEST ARROW,#N/A
↩,U+21A9,\xE2\x86\xA9,LEFTWARDS ARROW WITH HOOK,#N/A
↪,U+21AA,\xE2\x86\xAA,RIGHTWARDS ARROW WITH HOOK,0.091
⌚,U+231A,\xE2\x8C\x9A,WATCH,0.2
⌛,U+231B,\xE2\x8C\x9B,HOURGLASS,0.1
⏩,U+23E9,\xE2\x8F\xA9,BLACK RIGHT-POINTING DOUBLE TRIANGLE,0.111
⏪,U+23EA,\xE2\x8F\xAA,BLACK LEFT-POINTING DOUBLE TRIANGLE,#N/A
⏫,U+23EB,\xE2\x8F\xAB,BLACK UP-POINTING DOUBLE TRIANGLE,#N/A
⏬,U+23EC,\xE2\x8F\xAC,BLACK DOWN-POINTING DOUBLE TRIANGLE,#N/A
⏰,U+23F0,\xE2\x8F\xB0,ALARM CLOCK,0.438
⏳,U+23F3,\xE2\x8F\xB3,HOURGLASS WITH FLOWING SAND,0
▪,U+25AA,\xE2\x96\xAA,BLACK SMALL SQUARE,0.198
▫,U+25AB,\xE2\x96\xAB,WHITE SMALL SQUARE,#N/A
▶,U+25B6,\xE2\x96\xB6,BLACK RIGHT-POINTING TRIANGLE,0.209
◀,U+25C0,\xE2\x97\x80,BLACK LEFT-POINTING TRIANGLE,0.269
◻,U+25FB,\xE2\x97\xBB,WHITE MEDIUM SQUARE,#N/A
◼,U+25FC,\xE2\x97\xBC,BLACK MEDIUM SQUARE,#N/A
◽,U+25FD,\xE2\x97\xBD,WHITE MEDIUM SMALL SQUARE,#N/A
◾,U+25FE,\xE2\x97\xBE,BLACK MEDIUM SMALL SQUARE,#N/A
☀,U+2600,\xE2\x98\x80,BLACK SUN WITH RAYS,0.465
☁,U+2601,\xE2\x98\x81,CLOUD,0.308
☎,U+260E,\xE2\x98\x8E,BLACK TELEPHONE,0
☑,U+2611,\xE2\x98\x91,BALLOT BOX WITH CHECK,0.101
☔,U+2614,\xE2\x98\x94,UMBRELLA WITH RAIN DROPS,0.289
☕,U+2615,\xE2\x98\x95,HOT BEVERAGE,0.244
☝,U+261D,\xE2\x98\x9D,WHITE UP POINTING INDEX,0.309
☺,U+263A,\xE2\x98\xBA,WHITE SMILING FACE,0.657
♈,U+2648,\xE2\x99\x88,ARIES,#N/A
♉,U+2649,\xE2\x99\x89,TAURUS,#N/A
♊,U+264A,\xE2\x99\x8A,GEMINI,#N/A
♋,U+264B,\xE2\x99\x8B,CANCER,#N/A
♌,U+264C,\xE2\x99\x8C,LEO,0.556
♍,U+264D,\xE2\x99\x8D,VIRGO,#N/A
♎,U+264E,\xE2\x99\x8E,LIBRA,-0.1
♏,U+264F,\xE2\x99\x8F,SCORPIUS,#N/A
♐,U+2650,\xE2\x99\x90,SAGITTARIUS,#N/A
♑,U+2651,\xE2\x99\x91,CAPRICORN,#N/A
♒,U+2652,\xE2\x99\x92,AQUARIUS,#N/A
♓,U+2653,\xE2\x99\x93,PISCES,#N/A
♠,U+2660,\xE2\x99\xA0,BLACK SPADE SUIT,0.304
♣,U+2663,\xE2\x99\xA3,BLACK CLUB SUIT,0.342
♥,U+2665,\xE2\x99\xA5,BLACK HEART SUIT,0.657
♦,U+2666,\xE2\x99\xA6,BLACK DIAMOND SUIT,0.453
♨,U+2668,\xE2\x99\xA8,HOT SPRINGS,0.871
♻,U+267B,\xE2\x99\xBB,BLACK UNIVERSAL RECYCLING SYMBOL,0.474
♿,U+267F,\xE2\x99\xBF,WHEELCHAIR SYMBOL,#N/A
⚓,U+2693,\xE2\x9A\x93,ANCHOR,0.571
⚠,U+26A0,\xE2\x9A\xA0,WARNING SIGN,-0.066
⚡,U+26A1,\xE2\x9A\xA1,HIGH VOLTAGE SIGN,0.177
⚪,U+26AA,\xE2\x9A\xAA,MEDIUM WHITE CIRCLE,0.45
⚫,U+26AB,\xE2\x9A\xAB,MEDIUM BLACK CIRCLE,0.235
⚽,U+26BD,\xE2\x9A\xBD,SOCCER BALL,0.616
⚾,U+26BE,\xE2\x9A\xBE,BASEBALL,-0.037
⛄,U+26C4,\xE2\x9B\x84,SNOWMAN WITHOUT SNOW,0.521
⛅,U+26C5,\xE2\x9B\x85,SUN BEHIND CLOUD,0.45
⛎,U+26CE,\xE2\x9B\x8E,OPHIUCHUS,#N/A
⛔,U+26D4,\xE2\x9B\x94,NO ENTRY,0.485
⛪,U+26EA,\xE2\x9B\xAA,CHURCH,0.125
⛲,U+26F2,\xE2\x9B\xB2,FOUNTAIN,0.056
⛳,U+26F3,\xE2\x9B\xB3,FLAG IN HOLE,0.636
⛵,U+26F5,\xE2\x9B\xB5,SAILBOAT,0.5
⛺,U+26FA,\xE2\x9B\xBA,TENT,0.462
⛽,U+26FD,\xE2\x9B\xBD,FUEL PUMP,0.152
⤴,U+2934,\xE2\xA4\xB4,ARROW POINTING RIGHTWARDS THEN CURVING UPWARDS,#N/A
⤵,U+2935,\xE2\xA4\xB5,ARROW POINTING RIGHTWARDS THEN CURVING DOWNWARDS,#N/A
⬅,U+2B05,\xE2\xAC\x85,LEFTWARDS BLACK ARROW,0.467
⬆,U+2B06,\xE2\xAC\x86,UPWARDS BLACK ARROW,0.286
⬇,U+2B07,\xE2\xAC\x87,DOWNWARDS BLACK ARROW,0.389
⬛,U+2B1B,\xE2\xAC\x9B,BLACK LARGE SQUARE,#N/A
⬜,U+2B1C,\xE2\xAC\x9C,WHITE LARGE SQUARE,#N/A
⭐,U+2B50,\xE2\xAD\x90,WHITE MEDIUM STAR,0.58
⭕,U+2B55,\xE2\xAD\x95,HEAVY LARGE CIRCLE,#N/A
〰,U+3030,\xE3\x80\xB0,WAVY DASH,#N/A
〽,U+303D,\xE3\x80\xBD,PART ALTERNATION MARK,#N/A
㊗,U+3297,\xE3\x8A\x97,CIRCLED IDEOGRAPH CONGRATULATION,#N/A
㊙,U+3299,\xE3\x8A\x99,CIRCLED IDEOGRAPH SECRET,#N/A
🀄,U+1F004,\xF0\x9F\x80\x84,MAHJONG TILE RED DRAGON,#N/A
🃏,U+1F0CF,\xF0\x9F\x83\x8F,PLAYING CARD BLACK JOKER,0.083
🌀,U+1F300,\xF0\x9F\x8C\x80,CYCLONE,0.101
🌁,U+1F301,\xF0\x9F\x8C\x81,FOGGY,0.176
🌂,U+1F302,\xF0\x9F\x8C\x82,CLOSED UMBRELLA,0.238
🌃,U+1F303,\xF0\x9F\x8C\x83,NIGHT WITH STARS,0.39
🌄,U+1F304,\xF0\x9F\x8C\x84,SUNRISE OVER MOUNTAINS,0.125
🌅,U+1F305,\xF0\x9F\x8C\x85,SUNRISE,0.356
🌆,U+1F306,\xF0\x9F\x8C\x86,CITYSCAPE AT DUSK,0.133
🌇,U+1F307,\xF0\x9F\x8C\x87,SUNSET OVER BUILDINGS,0.5
🌈,U+1F308,\xF0\x9F\x8C\x88,RAINBOW,0.516
🌉,U+1F309,\xF0\x9F\x8C\x89,BRIDGE AT NIGHT,0.5
🌊,U+1F30A,\xF0\x9F\x8C\x8A,WATER WAVE,0.5
🌋,U+1F30B,\xF0\x9F\x8C\x8B,VOLCANO,0.444
🌌,U+1F30C,\xF0\x9F\x8C\x8C,MILKY WAY,0.52
🌏,U+1F30F,\xF0\x9F\x8C\x8F,EARTH GLOBE ASIA-AUSTRALIA,0.321
🌑,U+1F311,\xF0\x9F\x8C\x91,NEW MOON SYMBOL,0.458
🌓,U+1F313,\xF0\x9F\x8C\x93,FIRST QUARTER MOON SYMBOL,0.591
🌔,U+1F314,\xF0\x9F\x8C\x94,WAXING GIBBOUS MOON SYMBOL,0.579
🌕,U+1F315,\xF0\x9F\x8C\x95,FULL MOON SYMBOL,0.556
🌙,U+1F319,\xF0\x9F\x8C\x99,CRESCENT MOON,0.59
🌛,U+1F31B,\xF0\x9F\x8C\x9B,FIRST QUARTER MOON WITH FACE,0.55
🌟,U+1F31F,\xF0\x9F\x8C\x9F,GLOWING STAR,0.327
🌠,U+1F320,\xF0\x9F\x8C\xA0,SHOOTING STAR,0.529
🌰,U+1F330,\xF0\x9F\x8C\xB0,CHESTNUT,0.538
🌱,U+1F331,\xF0\x9F\x8C\xB1,SEEDLING,0.571
🌴,U+1F334,\xF0\x9F\x8C\xB4,PALM TREE,0.525
🌵,U+1F335,\xF0\x9F\x8C\xB5,CACTUS,0.192
🌷,U+1F337,\xF0\x9F\x8C\xB7,TULIP,0.538
🌸,U+1F338,\xF0\x9F\x8C\xB8,CHERRY BLOSSOM,0.65
🌹,U+1F339,\xF0\x9F\x8C\xB9,ROSE,0.6
🌺,U+1F33A,\xF0\x9F\x8C\xBA,HIBISCUS,0.549
🌻,U+1F33B,\xF0\x9F\x8C\xBB,SUNFLOWER,0.57
🌼,U+1F33C,\xF0\x9F\x8C\xBC,BLOSSOM,0.779
🌽,U+1F33D,\xF0\x9F\x8C\xBD,EAR OF MAIZE,0.444
🌾,U+1F33E,\xF0\x9F\x8C\xBE,EAR OF RICE,0.538
🌿,U+1F33F,\xF0\x9F\x8C\xBF,HERB,0.384
🍀,U+1F340,\xF0\x9F\x8D\x80,FOUR LEAF CLOVER,0.285
🍁,U+1F341,\xF0\x9F\x8D\x81,MAPLE LEAF,0.482
🍂,U+1F342,\xF0\x9F\x8D\x82,FALLEN LEAF,0.547
🍃,U+1F343,\xF0\x9F\x8D\x83,LEAF FLUTTERING IN WIND,0.378
🍄,U+1F344,\xF0\x9F\x8D\x84,MUSHROOM,0
🍅,U+1F345,\xF0\x9F\x8D\x85,TOMATO,0.35
🍆,U+1F346,\xF0\x9F\x8D\x86,AUBERGINE,0.402
🍇,U+1F347,\xF0\x9F\x8D\x87,GRAPES,0.269
🍈,U+1F348,\xF0\x9F\x8D\x88,MELON,-0.333
🍉,U+1F349,\xF0\x9F\x8D\x89,WATERMELON,0.597
🍊,U+1F34A,\xF0\x9F\x8D\x8A,TANGERINE,0.417
🍌,U+1F34C,\xF0\x9F\x8D\x8C,BANANA,0.435
🍍,U+1F34D,\xF0\x9F\x8D\x8D,PINEAPPLE,0.468
🍎,U+1F34E,\xF0\x9F\x8D\x8E,RED APPLE,0.32
🍏,U+1F34F,\xF0\x9F\x8D\x8F,GREEN APPLE,0.067
🍑,U+1F351,\xF0\x9F\x8D\x91,PEACH,0.25
🍒,U+1F352,\xF0\x9F\x8D\x92,CHERRIES,0.313
🍓,U+1F353,\xF0\x9F\x8D\x93,STRAWBERRY,0.67
🍔,U+1F354,\xF0\x9F\x8D\x94,HAMBURGER,0.277
🍕,U+1F355,\xF0\x9F\x8D\x95,SLICE OF PIZZA,0.417
🍖,U+1F356,\xF0\x9F\x8D\x96,MEAT ON BONE,0.129
🍗,U+1F357,\xF0\x9F\x8D\x97,POULTRY LEG,0.063
🍘,U+1F358,\xF0\x9F\x8D\x98,RICE CRACKER,0.385
🍙,U+1F359,\xF0\x9F\x8D\x99,RICE BALL,0.281
🍚,U+1F35A,\xF0\x9F\x8D\x9A,COOKED RICE,0.452
🍛,U+1F35B,\xF0\x9F\x8D\x9B,CURRY AND RICE,0.038
🍜,U+1F35C,\xF0\x9F\x8D\x9C,STEAMING BOWL,0.395
🍝,U+1F35D,\xF0\x9F\x8D\x9D,SPAGHETTI,0.117
🍞,U+1F35E,\xF0\x9F\x8D\x9E,BREAD,0.042
🍟,U+1F35F,\xF0\x9F\x8D\x9F,FRENCH FRIES,0.302
🍠,U+1F360,\xF0\x9F\x8D\xA0,ROASTED SWEET POTATO,0
🍡,U+1F361,\xF0\x9F\x8D\xA1,DANGO,-0.048
🍢,U+1F362,\xF0\x9F\x8D\xA2,ODEN,-0.111
🍣,U+1F363,\xF0\x9F\x8D\xA3,SUSHI,-0.232
🍤,U+1F364,\xF0\x9F\x8D\xA4,FRIED SHRIMP,0.053
🍥,U+1F365,\xF0\x9F\x8D\xA5,FISH CAKE WITH SWIRL DESIGN,-0.594
🍦,U+1F366,\xF0\x9F\x8D\xA6,SOFT ICE CREAM,0.459
🍧,U+1F367,\xF0\x9F\x8D\xA7,SHAVED ICE,0.302
🍨,U+1F368,\xF0\x9F\x8D\xA8,ICE CREAM,0.212
🍩,U+1F369,\xF0\x9F\x8D\xA9,DOUGHNUT,0.382
🍪,U+1F36A,\xF0\x9F\x8D\xAA,COOKIE,0.316
🍫,U+1F36B,\xF0\x9F\x8D\xAB,CHOCOLATE BAR,0.152
🍬,U+1F36C,\xF0\x9F\x8D\xAC,CANDY,0.364
🍭,U+1F36D,\xF0\x9F\x8D\xAD,LOLLIPOP,0.3
🍮,U+1F36E,\xF0\x9F\x8D\xAE,CUSTARD,-0.12
🍯,U+1F36F,\xF0\x9F\x8D\xAF,HONEY POT,0.045
🍰,U+1F370,\xF0\x9F\x8D\xB0,SHORTCAKE,0.448
🍱,U+1F371,\xF0\x9F\x8D\xB1,BENTO BOX,-0.313
🍲,U+1F372,\xF0\x9F\x8D\xB2,POT OF FOOD,0.125
🍳,U+1F373,\xF0\x9F\x8D\xB3,COOKING,0.028
🍴,U+1F374,\xF0\x9F\x8D\xB4,FORK AND KNIFE,0.537
🍵,U+1F375,\xF0\x9F\x8D\xB5,TEACUP WITHOUT HANDLE,0.364
🍶,U+1F376,\xF0\x9F\x8D\xB6,SAKE BOTTLE AND CUP,#N/A
🍷,U+1F377,\xF0\x9F\x8D\xB7,WINE GLASS,0.393
🍸,U+1F378,\xF0\x9F\x8D\xB8,COCKTAIL GLASS,0.539
🍹,U+1F379,\xF0\x9F\x8D\xB9,TROPICAL DRINK,0.659
🍺,U+1F37A,\xF0\x9F\x8D\xBA,BEER MUG,0.493
🍻,U+1F37B,\xF0\x9F\x8D\xBB,CLINKING BEER MUGS,0.512
🎀,U+1F380,\xF0\x9F\x8E\x80,RIBBON,0.629
🎁,U+1F381,\xF0\x9F\x8E\x81,WRAPPED PRESENT,0.759
🎂,U+1F382,\xF0\x9F\x8E\x82,BIRTHDAY CAKE,0.613
🎃,U+1F383,\xF0\x9F\x8E\x83,JACK-O-LANTERN,0.595
🎄,U+1F384,\xF0\x9F\x8E\x84,CHRISTMAS TREE,0.531
🎅,U+1F385,\xF0\x9F\x8E\x85,FATHER CHRISTMAS,0.318
🎆,U+1F386,\xF0\x9F\x8E\x86,FIREWORKS,0.709
🎇,U+1F387,\xF0\x9F\x8E\x87,FIREWORK SPARKLER,0.68
🎈,U+1F388,\xF0\x9F\x8E\x88,BALLOON,0.718
🎉,U+1F389,\xF0\x9F\x8E\x89,PARTY POPPER,0.738
🎊,U+1F38A,\xF0\x9F\x8E\x8A,CONFETTI BALL,0.721
🎋,U+1F38B,\xF0\x9F\x8E\x8B,TANABATA TREE,0.444
🎌,U+1F38C,\xF0\x9F\x8E\x8C,CROSSED FLAGS,#N/A
🎍,U+1F38D,\xF0\x9F\x8E\x8D,PINE DECORATION,#N/A
🎎,U+1F38E,\xF0\x9F\x8E\x8E,JAPANESE DOLLS,0.907
🎏,U+1F38F,\xF0\x9F\x8E\x8F,CARP STREAMER,#N/A
🎐,U+1F390,\xF0\x9F\x8E\x90,WIND CHIME,0.176
🎑,U+1F391,\xF0\x9F\x8E\x91,MOON VIEWING CEREMONY,#N/A
🎒,U+1F392,\xF0\x9F\x8E\x92,SCHOOL SATCHEL,0.462
🎓,U+1F393,\xF0\x9F\x8E\x93,GRADUATION CAP,0.563
🎠,U+1F3A0,\xF0\x9F\x8E\xA0,CAROUSEL HORSE,0.375
🎡,U+1F3A1,\xF0\x9F\x8E\xA1,FERRIS WHEEL,0.286
🎢,U+1F3A2,\xF0\x9F\x8E\xA2,ROLLER COASTER,0.471
🎣,U+1F3A3,\xF0\x9F\x8E\xA3,FISHING POLE AND FISH,#N/A
🎤,U+1F3A4,\xF0\x9F\x8E\xA4,MICROPHONE,0.476
🎥,U+1F3A5,\xF0\x9F\x8E\xA5,MOVIE CAMERA,0.29
🎦,U+1F3A6,\xF0\x9F\x8E\xA6,CINEMA,#N/A
🎧,U+1F3A7,\xF0\x9F\x8E\xA7,HEADPHONE,0.414
🎨,U+1F3A8,\xF0\x9F\x8E\xA8,ARTIST PALETTE,0.167
🎩,U+1F3A9,\xF0\x9F\x8E\xA9,TOP HAT,0.25
🎪,U+1F3AA,\xF0\x9F\x8E\xAA,CIRCUS TENT,0.222
🎫,U+1F3AB,\xF0\x9F\x8E\xAB,TICKET,#N/A
🎬,U+1F3AC,\xF0\x9F\x8E\xAC,CLAPPER BOARD,0.279
🎭,U+1F3AD,\xF0\x9F\x8E\xAD,PERFORMING ARTS,0
🎮,U+1F3AE,\xF0\x9F\x8E\xAE,VIDEO GAME,0.427
🎯,U+1F3AF,\xF0\x9F\x8E\xAF,DIRECT HIT,#N/A
🎰,U+1F3B0,\xF0\x9F\x8E\xB0,SLOT MACHINE,#N/A
🎱,U+1F3B1,\xF0\x9F\x8E\xB1,BILLIARDS,#N/A
🎲,U+1F3B2,\xF0\x9F\x8E\xB2,GAME DIE,#N/A
🎳,U+1F3B3,\xF0\x9F\x8E\xB3,BOWLING,#N/A
🎴,U+1F3B4,\xF0\x9F\x8E\xB4,FLOWER PLAYING CARDS,#N/A
🎵,U+1F3B5,\xF0\x9F\x8E\xB5,MUSICAL NOTE,0.5
🎶,U+1F3B6,\xF0\x9F\x8E\xB6,MULTIPLE MUSICAL NOTES,0.537
🎷,U+1F3B7,\xF0\x9F\x8E\xB7,SAXOPHONE,0.647
🎸,U+1F3B8,\xF0\x9F\x8E\xB8,GUITAR,0.516
🎹,U+1F3B9,\xF0\x9F\x8E\xB9,MUSICAL KEYBOARD,0.355
🎺,U+1F3BA,\xF0\x9F\x8E\xBA,TRUMPET,0.583
🎻,U+1F3BB,\xF0\x9F\x8E\xBB,VIOLIN,0.333
🎼,U+1F3BC,\xF0\x9F\x8E\xBC,MUSICAL SCORE,0.327
🎽,U+1F3BD,\xF0\x9F\x8E\xBD,RUNNING SHIRT WITH SASH,0.417
🎾,U+1F3BE,\xF0\x9F\x8E\xBE,TENNIS RACQUET AND BALL,0.542
🎿,U+1F3BF,\xF0\x9F\x8E\xBF,SKI AND SKI BOOT,0.375
🏀,U+1F3C0,\xF0\x9F\x8F\x80,BASKETBALL AND HOOP,0.254
🏁,U+1F3C1,\xF0\x9F\x8F\x81,CHEQUERED FLAG,0.5
🏂,U+1F3C2,\xF0\x9F\x8F\x82,SNOWBOARDER,0.385
🏃,U+1F3C3,\xF0\x9F\x8F\x83,RUNNER,0.406
🏄,U+1F3C4,\xF0\x9F\x8F\x84,SURFER,0.524
🏆,U+1F3C6,\xF0\x9F\x8F\x86,TROPHY,0.726
🏈,U+1F3C8,\xF0\x9F\x8F\x88,AMERICAN FOOTBALL,0.53
🏊,U+1F3CA,\xF0\x9F\x8F\x8A,SWIMMER,0.575
🏠,U+1F3E0,\xF0\x9F\x8F\xA0,HOUSE BUILDING,0.5
🏡,U+1F3E1,\xF0\x9F\x8F\xA1,HOUSE WITH GARDEN,0.436
🏢,U+1F3E2,\xF0\x9F\x8F\xA2,OFFICE BUILDING,0.154
🏣,U+1F3E3,\xF0\x9F\x8F\xA3,JAPANESE POST OFFICE,#N/A
🏥,U+1F3E5,\xF0\x9F\x8F\xA5,HOSPITAL,0.25
🏦,U+1F3E6,\xF0\x9F\x8F\xA6,BANK,#N/A
🏧,U+1F3E7,\xF0\x9F\x8F\xA7,AUTOMATED TELLER MACHINE,0.8
🏨,U+1F3E8,\xF0\x9F\x8F\xA8,HOTEL,0.2
🏩,U+1F3E9,\xF0\x9F\x8F\xA9,LOVE HOTEL,0.421
🏪,U+1F3EA,\xF0\x9F\x8F\xAA,CONVENIENCE STORE,0.067
🏫,U+1F3EB,\xF0\x9F\x8F\xAB,SCHOOL,-0.231
🏬,U+1F3EC,\xF0\x9F\x8F\xAC,DEPARTMENT STORE,#N/A
🏭,U+1F3ED,\xF0\x9F\x8F\xAD,FACTORY,#N/A
🏮,U+1F3EE,\xF0\x9F\x8F\xAE,IZAKAYA LANTERN,#N/A
🏯,U+1F3EF,\xF0\x9F\x8F\xAF,JAPANESE CASTLE,0.111
🏰,U+1F3F0,\xF0\x9F\x8F\xB0,EUROPEAN CASTLE,0.294
🐌,U+1F40C,\xF0\x9F\x90\x8C,SNAIL,0.647
🐍,U+1F40D,\xF0\x9F\x90\x8D,SNAKE,0.351
🐎,U+1F40E,\xF0\x9F\x90\x8E,HORSE,0.4
🐑,U+1F411,\xF0\x9F\x90\x91,SHEEP,-0.167
🐒,U+1F412,\xF0\x9F\x90\x92,MONKEY,0.521
🐔,U+1F414,\xF0\x9F\x90\x94,CHICKEN,0.3
🐗,U+1F417,\xF0\x9F\x90\x97,BOAR,0.455
🐘,U+1F418,\xF0\x9F\x90\x98,ELEPHANT,0.023
🐙,U+1F419,\xF0\x9F\x90\x99,OCTOPUS,0.387
🐚,U+1F41A,\xF0\x9F\x90\x9A,SPIRAL SHELL,0.227
🐛,U+1F41B,\xF0\x9F\x90\x9B,BUG,0.267
🐜,U+1F41C,\xF0\x9F\x90\x9C,ANT,0.444
🐝,U+1F41D,\xF0\x9F\x90\x9D,HONEYBEE,0.211
🐞,U+1F41E,\xF0\x9F\x90\x9E,LADY BEETLE,#N/A
🐟,U+1F41F,\xF0\x9F\x90\x9F,FISH,0.689
🐠,U+1F420,\xF0\x9F\x90\xA0,TROPICAL FISH,0.414
🐡,U+1F421,\xF0\x9F\x90\xA1,BLOWFISH,0.222
🐢,U+1F422,\xF0\x9F\x90\xA2,TURTLE,0.2
🐣,U+1F423,\xF0\x9F\x90\xA3,HATCHING CHICK,0.476
🐤,U+1F424,\xF0\x9F\x90\xA4,BABY CHICK,0.52
🐥,U+1F425,\xF0\x9F\x90\xA5,FRONT-FACING BABY CHICK,0.586
🐦,U+1F426,\xF0\x9F\x90\xA6,BIRD,0.421
🐧,U+1F427,\xF0\x9F\x90\xA7,PENGUIN,0.456
🐨,U+1F428,\xF0\x9F\x90\xA8,KOALA,0.444
🐩,U+1F429,\xF0\x9F\x90\xA9,POODLE,0.35
🐫,U+1F42B,\xF0\x9F\x90\xAB,BACTRIAN CAMEL,0.333
🐬,U+1F42C,\xF0\x9F\x90\xAC,DOLPHIN,0.421
🐭,U+1F42D,\xF0\x9F\x90\xAD,MOUSE FACE,0.688
🐮,U+1F42E,\xF0\x9F\x90\xAE,COW FACE,0.587
🐯,U+1F42F,\xF0\x9F\x90\xAF,TIGER FACE,0.476
🐰,U+1F430,\xF0\x9F\x90\xB0,RABBIT FACE,0.586
🐱,U+1F431,\xF0\x9F\x90\xB1,CAT FACE,0.513
🐲,U+1F432,\xF0\x9F\x90\xB2,DRAGON FACE,-0.053
🐳,U+1F433,\xF0\x9F\x90\xB3,SPOUTING WHALE,0.13
🐴,U+1F434,\xF0\x9F\x90\xB4,HORSE FACE,0.07
🐵,U+1F435,\xF0\x9F\x90\xB5,MONKEY FACE,0.478
🐶,U+1F436,\xF0\x9F\x90\xB6,DOG FACE,0.576
🐷,U+1F437,\xF0\x9F\x90\xB7,PIG FACE,0.368
🐸,U+1F438,\xF0\x9F\x90\xB8,FROG FACE,-0.08
🐹,U+1F439,\xF0\x9F\x90\xB9,HAMSTER FACE,0.294
🐺,U+1F43A,\xF0\x9F\x90\xBA,WOLF FACE,0.227
🐻,U+1F43B,\xF0\x9F\x90\xBB,BEAR FACE,0.44
🐼,U+1F43C,\xF0\x9F\x90\xBC,PANDA FACE,0.261
🐽,U+1F43D,\xF0\x9F\x90\xBD,PIG NOSE,0.12
🐾,U+1F43E,\xF0\x9F\x90\xBE,PAW PRINTS,0.605
👀,U+1F440,\xF0\x9F\x91\x80,EYES,0.063
👂,U+1F442,\xF0\x9F\x91\x82,EAR,-0.136
👃,U+1F443,\xF0\x9F\x91\x83,NOSE,#N/A
👄,U+1F444,\xF0\x9F\x91\x84,MOUTH,0.474
👅,U+1F445,\xF0\x9F\x91\x85,TONGUE,0.461
👆,U+1F446,\xF0\x9F\x91\x86,WHITE UP POINTING BACKHAND INDEX,0.326
👇,U+1F447,\xF0\x9F\x91\x87,WHITE DOWN POINTING BACKHAND INDEX,0.247
👈,U+1F448,\xF0\x9F\x91\x88,WHITE LEFT POINTING BACKHAND INDEX,0.424
👉,U+1F449,\xF0\x9F\x91\x89,WHITE RIGHT POINTING BACKHAND INDEX,0.39
👊,U+1F44A,\xF0\x9F\x91\x8A,FISTED HAND SIGN,0.228
👋,U+1F44B,\xF0\x9F\x91\x8B,WAVING HAND SIGN,0.413
👌,U+1F44C,\xF0\x9F\x91\x8C,OK HAND SIGN,0.563
👍,U+1F44D,\xF0\x9F\x91\x8D,THUMBS UP SIGN,0.521
👎,U+1F44E,\xF0\x9F\x91\x8E,THUMBS DOWN SIGN,-0.188
👏,U+1F44F,\xF0\x9F\x91\x8F,CLAPPING HANDS SIGN,0.52
👐,U+1F450,\xF0\x9F\x91\x90,OPEN HANDS SIGN,-0.023
👑,U+1F451,\xF0\x9F\x91\x91,CROWN,0.694
👒,U+1F452,\xF0\x9F\x91\x92,WOMANS HAT,0.2
👓,U+1F453,\xF0\x9F\x91\x93,EYEGLASSES,0.296
👔,U+1F454,\xF0\x9F\x91\x94,NECKTIE,0.333
👕,U+1F455,\xF0\x9F\x91\x95,T-SHIRT,0.4
👖,U+1F456,\xF0\x9F\x91\x96,JEANS,0.333
👗,U+1F457,\xF0\x9F\x91\x97,DRESS,0.235
👘,U+1F458,\xF0\x9F\x91\x98,KIMONO,#N/A
👙,U+1F459,\xF0\x9F\x91\x99,BIKINI,0.5
👚,U+1F45A,\xF0\x9F\x91\x9A,WOMANS CLOTHES,0.571
👛,U+1F45B,\xF0\x9F\x91\x9B,PURSE,0.357
👜,U+1F45C,\xF0\x9F\x91\x9C,HANDBAG,0.235
👝,U+1F45D,\xF0\x9F\x91\x9D,POUCH,0.333
👞,U+1F45E,\xF0\x9F\x91\x9E,MANS SHOE,0.429
👟,U+1F45F,\xF0\x9F\x91\x9F,ATHLETIC SHOE,0.417
👠,U+1F460,\xF0\x9F\x91\xA0,HIGH-HEELED SHOE,0.356
👡,U+1F461,\xF0\x9F\x91\xA1,WOMANS SANDAL,0.385
👢,U+1F462,\xF0\x9F\x91\xA2,WOMANS BOOTS,0.5
👣,U+1F463,\xF0\x9F\x91\xA3,FOOTPRINTS,0.344
👤,U+1F464,\xF0\x9F\x91\xA4,BUST IN SILHOUETTE,0.5
👦,U+1F466,\xF0\x9F\x91\xA6,BOY,0.133
👧,U+1F467,\xF0\x9F\x91\xA7,GIRL,0.14
👨,U+1F468,\xF0\x9F\x91\xA8,MAN,0.516
👩,U+1F469,\xF0\x9F\x91\xA9,WOMAN,0.067
👪,U+1F46A,\xF0\x9F\x91\xAA,FAMILY,-0.017
👫,U+1F46B,\xF0\x9F\x91\xAB,MAN AND WOMAN HOLDING HANDS,0.255
👮,U+1F46E,\xF0\x9F\x91\xAE,POLICE OFFICER,-0.348
👯,U+1F46F,\xF0\x9F\x91\xAF,WOMAN WITH BUNNY EARS,0.439
👰,U+1F470,\xF0\x9F\x91\xB0,BRIDE WITH VEIL,0.486
👱,U+1F471,\xF0\x9F\x91\xB1,PERSON WITH BLOND HAIR,0.1
👲,U+1F472,\xF0\x9F\x91\xB2,MAN WITH GUA PI MAO,#N/A
👳,U+1F473,\xF0\x9F\x91\xB3,MAN WITH TURBAN,0.619
👴,U+1F474,\xF0\x9F\x91\xB4,OLDER MAN,0.231
👵,U+1F475,\xF0\x9F\x91\xB5,OLDER WOMAN,0.423
👶,U+1F476,\xF0\x9F\x91\xB6,BABY,0.434
👷,U+1F477,\xF0\x9F\x91\xB7,CONSTRUCTION WORKER,0.222
👸,U+1F478,\xF0\x9F\x91\xB8,PRINCESS,0.605
👹,U+1F479,\xF0\x9F\x91\xB9,JAPANESE OGRE,0.058
👺,U+1F47A,\xF0\x9F\x91\xBA,JAPANESE GOBLIN,-0.182
👻,U+1F47B,\xF0\x9F\x91\xBB,GHOST,0.228
👼,U+1F47C,\xF0\x9F\x91\xBC,BABY ANGEL,0.333
👽,U+1F47D,\xF0\x9F\x91\xBD,EXTRATERRESTRIAL ALIEN,0.315
👾,U+1F47E,\xF0\x9F\x91\xBE,ALIEN MONSTER,0.361
👿,U+1F47F,\xF0\x9F\x91\xBF,IMP,-0.534
💀,U+1F480,\xF0\x9F\x92\x80,SKULL,-0.207
💁,U+1F481,\xF0\x9F\x92\x81,INFORMATION DESK PERSON,0.326
💂,U+1F482,\xF0\x9F\x92\x82,GUARDSMAN,-0.15
💃,U+1F483,\xF0\x9F\x92\x83,DANCER,0.734
💄,U+1F484,\xF0\x9F\x92\x84,LIPSTICK,0.435
💅,U+1F485,\xF0\x9F\x92\x85,NAIL POLISH,0.388
💆,U+1F486,\xF0\x9F\x92\x86,FACE MASSAGE,0.221
💇,U+1F487,\xF0\x9F\x92\x87,HAIRCUT,0.327
💈,U+1F488,\xF0\x9F\x92\x88,BARBER POLE,#N/A
💉,U+1F489,\xF0\x9F\x92\x89,SYRINGE,0.358
💊,U+1F48A,\xF0\x9F\x92\x8A,PILL,0.431
💋,U+1F48B,\xF0\x9F\x92\x8B,KISS MARK,0.691
💌,U+1F48C,\xF0\x9F\x92\x8C,LOVE LETTER,0.5
💍,U+1F48D,\xF0\x9F\x92\x8D,RING,0.478
💎,U+1F48E,\xF0\x9F\x92\x8E,GEM STONE,0.561
💏,U+1F48F,\xF0\x9F\x92\x8F,KISS,0.388
💐,U+1F490,\xF0\x9F\x92\x90,BOUQUET,0.735
💑,U+1F491,\xF0\x9F\x92\x91,COUPLE WITH HEART,0.659
💒,U+1F492,\xF0\x9F\x92\x92,WEDDING,0.5
💓,U+1F493,\xF0\x9F\x92\x93,BEATING HEART,0.664
💔,U+1F494,\xF0\x9F\x92\x94,BROKEN HEART,-0.121
💕,U+1F495,\xF0\x9F\x92\x95,TWO HEARTS,0.632
💖,U+1F496,\xF0\x9F\x92\x96,SPARKLING HEART,0.712
💗,U+1F497,\xF0\x9F\x92\x97,GROWING HEART,0.657
💘,U+1F498,\xF0\x9F\x92\x98,HEART WITH ARROW,0.683
💙,U+1F499,\xF0\x9F\x92\x99,BLUE HEART,0.73
💚,U+1F49A,\xF0\x9F\x92\x9A,GREEN HEART,0.656
💛,U+1F49B,\xF0\x9F\x92\x9B,YELLOW HEART,0.709
💜,U+1F49C,\xF0\x9F\x92\x9C,PURPLE HEART,0.654
💝,U+1F49D,\xF0\x9F\x92\x9D,HEART WITH RIBBON,0.644
💞,U+1F49E,\xF0\x9F\x92\x9E,REVOLVING HEARTS,0.739
💟,U+1F49F,\xF0\x9F\x92\x9F,HEART DECORATION,0.682
💠,U+1F4A0,\xF0\x9F\x92\xA0,DIAMOND SHAPE WITH A DOT INSIDE,#N/A
💡,U+1F4A1,\xF0\x9F\x92\xA1,ELECTRIC LIGHT BULB,0.6
💢,U+1F4A2,\xF0\x9F\x92\xA2,ANGER SYMBOL,0.233
💣,U+1F4A3,\xF0\x9F\x92\xA3,BOMB,0.007
💤,U+1F4A4,\xF0\x9F\x92\xA4,SLEEPING SYMBOL,0.37
💥,U+1F4A5,\xF0\x9F\x92\xA5,COLLISION SYMBOL,0.148
💦,U+1F4A6,\xF0\x9F\x92\xA6,SPLASHING SWEAT SYMBOL,0.471
💧,U+1F4A7,\xF0\x9F\x92\xA7,DROPLET,-0.159
💨,U+1F4A8,\xF0\x9F\x92\xA8,DASH SYMBOL,0.381
💩,U+1F4A9,\xF0\x9F\x92\xA9,PILE OF POO,-0.116
💪,U+1F4AA,\xF0\x9F\x92\xAA,FLEXED BICEPS,0.555
💫,U+1F4AB,\xF0\x9F\x92\xAB,DIZZY SYMBOL,0.5
💬,U+1F4AC,\xF0\x9F\x92\xAC,SPEECH BALLOON,0.364
💮,U+1F4AE,\xF0\x9F\x92\xAE,WHITE FLOWER,#N/A
💯,U+1F4AF,\xF0\x9F\x92\xAF,HUNDRED POINTS SYMBOL,0.12
💰,U+1F4B0,\xF0\x9F\x92\xB0,MONEY BAG,0.251
💱,U+1F4B1,\xF0\x9F\x92\xB1,CURRENCY EXCHANGE,#N/A
💲,U+1F4B2,\xF0\x9F\x92\xB2,HEAVY DOLLAR SIGN,0.242
💳,U+1F4B3,\xF0\x9F\x92\xB3,CREDIT CARD,0.4
💴,U+1F4B4,\xF0\x9F\x92\xB4,BANKNOTE WITH YEN SIGN,-0.182
💵,U+1F4B5,\xF0\x9F\x92\xB5,BANKNOTE WITH DOLLAR SIGN,0.379
💸,U+1F4B8,\xF0\x9F\x92\xB8,MONEY WITH WINGS,0.159
💹,U+1F4B9,\xF0\x9F\x92\xB9,CHART WITH UPWARDS TREND AND YEN SIGN,#N/A
💺,U+1F4BA,\xF0\x9F\x92\xBA,SEAT,0.2
💻,U+1F4BB,\xF0\x9F\x92\xBB,PERSONAL COMPUTER,0.25
💼,U+1F4BC,\xF0\x9F\x92\xBC,BRIEFCASE,0.529
💽,U+1F4BD,\xF0\x9F\x92\xBD,MINIDISC,#N/A
💾,U+1F4BE,\xF0\x9F\x92\xBE,FLOPPY DISK,#N/A
💿,U+1F4BF,\xF0\x9F\x92\xBF,OPTICAL DISC,0.611
📀,U+1F4C0,\xF0\x9F\x93\x80,DVD,0.091
📁,U+1F4C1,\xF0\x9F\x93\x81,FILE FOLDER,#N/A
📂,U+1F4C2,\xF0\x9F\x93\x82,OPEN FILE FOLDER,#N/A
📃,U+1F4C3,\xF0\x9F\x93\x83,PAGE WITH CURL,0.4
📄,U+1F4C4,\xF0\x9F\x93\x84,PAGE FACING UP,0.667
📅,U+1F4C5,\xF0\x9F\x93\x85,CALENDAR,0.167
📆,U+1F4C6,\xF0\x9F\x93\x86,TEAR-OFF CALENDAR,#N/A
📇,U+1F4C7,\xF0\x9F\x93\x87,CARD INDEX,#N/A
📈,U+1F4C8,\xF0\x9F\x93\x88,CHART WITH UPWARDS TREND,#N/A
📉,U+1F4C9,\xF0\x9F\x93\x89,CHART WITH DOWNWARDS TREND,#N/A
📊,U+1F4CA,\xF0\x9F\x93\x8A,BAR CHART,#N/A
📋,U+1F4CB,\xF0\x9F\x93\x8B,CLIPBOARD,#N/A
📌,U+1F4CC,\xF0\x9F\x93\x8C,PUSHPIN,-0.4
📍,U+1F4CD,\xF0\x9F\x93\x8D,ROUND PUSHPIN,0.111
📎,U+1F4CE,\xF0\x9F\x93\x8E,PAPERCLIP,#N/A
📏,U+1F4CF,\xF0\x9F\x93\x8F,STRAIGHT RULER,#N/A
📐,U+1F4D0,\xF0\x9F\x93\x90,TRIANGULAR RULER,#N/A
📑,U+1F4D1,\xF0\x9F\x93\x91,BOOKMARK TABS,#N/A
📒,U+1F4D2,\xF0\x9F\x93\x92,LEDGER,0.038
📓,U+1F4D3,\xF0\x9F\x93\x93,NOTEBOOK,0.182
📔,U+1F4D4,\xF0\x9F\x93\x94,NOTEBOOK WITH DECORATIVE COVER,#N/A
📕,U+1F4D5,\xF0\x9F\x93\x95,CLOSED BOOK,0.182
📖,U+1F4D6,\xF0\x9F\x93\x96,OPEN BOOK,0.169
📗,U+1F4D7,\xF0\x9F\x93\x97,GREEN BOOK,0.125
📘,U+1F4D8,\xF0\x9F\x93\x98,BLUE BOOK,#N/A
📙,U+1F4D9,\xF0\x9F\x93\x99,ORANGE BOOK,#N/A
📚,U+1F4DA,\xF0\x9F\x93\x9A,BOOKS,0.336
📛,U+1F4DB,\xF0\x9F\x93\x9B,NAME BADGE,#N/A
📜,U+1F4DC,\xF0\x9F\x93\x9C,SCROLL,#N/A
📝,U+1F4DD,\xF0\x9F\x93\x9D,MEMO,0.231
📞,U+1F4DE,\xF0\x9F\x93\x9E,TELEPHONE RECEIVER,0.4
📟,U+1F4DF,\xF0\x9F\x93\x9F,PAGER,#N/A
📠,U+1F4E0,\xF0\x9F\x93\xA0,FAX MACHINE,#N/A
📡,U+1F4E1,\xF0\x9F\x93\xA1,SATELLITE ANTENNA,0.222
📢,U+1F4E2,\xF0\x9F\x93\xA2,PUBLIC ADDRESS LOUDSPEAKER,0.421
📣,U+1F4E3,\xF0\x9F\x93\xA3,CHEERING MEGAPHONE,0.364
📤,U+1F4E4,\xF0\x9F\x93\xA4,OUTBOX TRAY,#N/A
📥,U+1F4E5,\xF0\x9F\x93\xA5,INBOX TRAY,0
📦,U+1F4E6,\xF0\x9F\x93\xA6,PACKAGE,#N/A
📧,U+1F4E7,\xF0\x9F\x93\xA7,E-MAIL SYMBOL,#N/A
📨,U+1F4E8,\xF0\x9F\x93\xA8,INCOMING ENVELOPE,#N/A
📩,U+1F4E9,\xF0\x9F\x93\xA9,ENVELOPE WITH DOWNWARDS ARROW ABOVE,#N/A
📪,U+1F4EA,\xF0\x9F\x93\xAA,CLOSED MAILBOX WITH LOWERED FLAG,#N/A
📫,U+1F4EB,\xF0\x9F\x93\xAB,CLOSED MAILBOX WITH RAISED FLAG,#N/A
📮,U+1F4EE,\xF0\x9F\x93\xAE,POSTBOX,#N/A
📰,U+1F4F0,\xF0\x9F\x93\xB0,NEWSPAPER,0.25
📱,U+1F4F1,\xF0\x9F\x93\xB1,MOBILE PHONE,0.308
📲,U+1F4F2,\xF0\x9F\x93\xB2,MOBILE PHONE WITH RIGHTWARDS ARROW AT LEFT,0.239
📳,U+1F4F3,\xF0\x9F\x93\xB3,VIBRATION MODE,#N/A
📴,U+1F4F4,\xF0\x9F\x93\xB4,MOBILE PHONE OFF,0.615
📶,U+1F4F6,\xF0\x9F\x93\xB6,ANTENNA WITH BARS,0.25
📷,U+1F4F7,\xF0\x9F\x93\xB7,CAMERA,0.43
📹,U+1F4F9,\xF0\x9F\x93\xB9,VIDEO CAMERA,0.429
📺,U+1F4FA,\xF0\x9F\x93\xBA,TELEVISION,0.375
📻,U+1F4FB,\xF0\x9F\x93\xBB,RADIO,0.308
📼,U+1F4FC,\xF0\x9F\x93\xBC,VIDEOCASSETTE,#N/A
🔃,U+1F503,\xF0\x9F\x94\x83,CLOCKWISE DOWNWARDS AND UPWARDS OPEN CIRCLE ARROWS,#N/A
🔊,U+1F50A,\xF0\x9F\x94\x8A,SPEAKER WITH THREE SOUND WAVES,0.404
🔋,U+1F50B,\xF0\x9F\x94\x8B,BATTERY,-0.486
🔌,U+1F50C,\xF0\x9F\x94\x8C,ELECTRIC PLUG,-0.091
🔍,U+1F50D,\xF0\x9F\x94\x8D,LEFT-POINTING MAGNIFYING GLASS,#N/A
🔎,U+1F50E,\xF0\x9F\x94\x8E,RIGHT-POINTING MAGNIFYING GLASS,#N/A
🔏,U+1F50F,\xF0\x9F\x94\x8F,LOCK WITH INK PEN,#N/A
🔐,U+1F510,\xF0\x9F\x94\x90,CLOSED LOCK WITH KEY,0.333
🔑,U+1F511,\xF0\x9F\x94\x91,KEY,#N/A
🔒,U+1F512,\xF0\x9F\x94\x92,LOCK,0.182
🔓,U+1F513,\xF0\x9F\x94\x93,OPEN LOCK,0.083
🔔,U+1F514,\xF0\x9F\x94\x94,BELL,0.769
🔖,U+1F516,\xF0\x9F\x94\x96,BOOKMARK,#N/A
🔗,U+1F517,\xF0\x9F\x94\x97,LINK SYMBOL,#N/A
🔘,U+1F518,\xF0\x9F\x94\x98,RADIO BUTTON,#N/A
🔙,U+1F519,\xF0\x9F\x94\x99,BACK WITH LEFTWARDS ARROW ABOVE,0.192
🔚,U+1F51A,\xF0\x9F\x94\x9A,END WITH LEFTWARDS ARROW ABOVE,0.333
🔛,U+1F51B,\xF0\x9F\x94\x9B,ON WITH EXCLAMATION MARK WITH LEFT RIGHT ARROW ABOVE,0.4
🔜,U+1F51C,\xF0\x9F\x94\x9C,SOON WITH RIGHTWARDS ARROW ABOVE,0.273
🔝,U+1F51D,\xF0\x9F\x94\x9D,TOP WITH UPWARDS ARROW ABOVE,0.474
🔞,U+1F51E,\xF0\x9F\x94\x9E,NO ONE UNDER EIGHTEEN SYMBOL,-0.038
🔟,U+1F51F,\xF0\x9F\x94\x9F,KEYCAP TEN,#N/A
🔠,U+1F520,\xF0\x9F\x94\xA0,INPUT SYMBOL FOR LATIN CAPITAL LETTERS,#N/A
🔡,U+1F521,\xF0\x9F\x94\xA1,INPUT SYMBOL FOR LATIN SMALL LETTERS,#N/A
🔢,U+1F522,\xF0\x9F\x94\xA2,INPUT SYMBOL FOR NUMBERS,#N/A
🔣,U+1F523,\xF0\x9F\x94\xA3,INPUT SYMBOL FOR SYMBOLS,#N/A
🔤,U+1F524,\xF0\x9F\x94\xA4,INPUT SYMBOL FOR LATIN LETTERS,#N/A
🔥,U+1F525,\xF0\x9F\x94\xA5,FIRE,0.139
🔦,U+1F526,\xF0\x9F\x94\xA6,ELECTRIC TORCH,0
🔧,U+1F527,\xF0\x9F\x94\xA7,WRENCH,-0.375
🔨,U+1F528,\xF0\x9F\x94\xA8,HAMMER,-0.105
🔩,U+1F529,\xF0\x9F\x94\xA9,NUT AND BOLT,0.125
🔪,U+1F52A,\xF0\x9F\x94\xAA,HOCHO,0.07
🔫,U+1F52B,\xF0\x9F\x94\xAB,PISTOL,-0.194
🔮,U+1F52E,\xF0\x9F\x94\xAE,CRYSTAL BALL,0.267
🔯,U+1F52F,\xF0\x9F\x94\xAF,SIX POINTED STAR WITH MIDDLE DOT,#N/A
🔰,U+1F530,\xF0\x9F\x94\xB0,JAPANESE SYMBOL FOR BEGINNER,#N/A
🔱,U+1F531,\xF0\x9F\x94\xB1,TRIDENT EMBLEM,0.067
🔲,U+1F532,\xF0\x9F\x94\xB2,BLACK SQUARE BUTTON,#N/A
🔳,U+1F533,\xF0\x9F\x94\xB3,WHITE SQUARE BUTTON,#N/A
🔴,U+1F534,\xF0\x9F\x94\xB4,LARGE RED CIRCLE,0.396
🔵,U+1F535,\xF0\x9F\x94\xB5,LARGE BLUE CIRCLE,0.306
🔶,U+1F536,\xF0\x9F\x94\xB6,LARGE ORANGE DIAMOND,0.25
🔷,U+1F537,\xF0\x9F\x94\xB7,LARGE BLUE DIAMOND,0.167
🔸,U+1F538,\xF0\x9F\x94\xB8,SMALL ORANGE DIAMOND,0.2
🔹,U+1F539,\xF0\x9F\x94\xB9,SMALL BLUE DIAMOND,0.133
🔺,U+1F53A,\xF0\x9F\x94\xBA,UP-POINTING RED TRIANGLE,#N/A
🔻,U+1F53B,\xF0\x9F\x94\xBB,DOWN-POINTING RED TRIANGLE,#N/A
🔼,U+1F53C,\xF0\x9F\x94\xBC,UP-POINTING SMALL RED TRIANGLE,#N/A
🔽,U+1F53D,\xF0\x9F\x94\xBD,DOWN-POINTING SMALL RED TRIANGLE,#N/A
🕐,U+1F550,\xF0\x9F\x95\x90,CLOCK FACE ONE OCLOCK,#N/A
🕑,U+1F551,\xF0\x9F\x95\x91,CLOCK FACE TWO OCLOCK,#N/A
🕒,U+1F552,\xF0\x9F\x95\x92,CLOCK FACE THREE OCLOCK,#N/A
🕓,U+1F553,\xF0\x9F\x95\x93,CLOCK FACE FOUR OCLOCK,#N/A
🕔,U+1F554,\xF0\x9F\x95\x94,CLOCK FACE FIVE OCLOCK,#N/A
🕕,U+1F555,\xF0\x9F\x95\x95,CLOCK FACE SIX OCLOCK,#N/A
🕖,U+1F556,\xF0\x9F\x95\x96,CLOCK FACE SEVEN OCLOCK,#N/A
🕗,U+1F557,\xF0\x9F\x95\x97,CLOCK FACE EIGHT OCLOCK,#N/A
🕘,U+1F558,\xF0\x9F\x95\x98,CLOCK FACE NINE OCLOCK,#N/A
🕙,U+1F559,\xF0\x9F\x95\x99,CLOCK FACE TEN OCLOCK,#N/A
🕚,U+1F55A,\xF0\x9F\x95\x9A,CLOCK FACE ELEVEN OCLOCK,#N/A
🕛,U+1F55B,\xF0\x9F\x95\x9B,CLOCK FACE TWELVE OCLOCK,#N/A
🗻,U+1F5FB,\xF0\x9F\x97\xBB,MOUNT FUJI,0.571
🗼,U+1F5FC,\xF0\x9F\x97\xBC,TOKYO TOWER,0.522
🗽,U+1F5FD,\xF0\x9F\x97\xBD,STATUE OF LIBERTY,0.318
🗾,U+1F5FE,\xF0\x9F\x97\xBE,SILHOUETTE OF JAPAN,0.25
🗿,U+1F5FF,\xF0\x9F\x97\xBF,MOYAI,0.443
🌍,U+1F30D,\xF0\x9F\x8C\x8D,EARTH GLOBE EUROPE-AFRICA,0.592
🌎,U+1F30E,\xF0\x9F\x8C\x8E,EARTH GLOBE AMERICAS,0.319
🌐,U+1F310,\xF0\x9F\x8C\x90,GLOBE WITH MERIDIANS,#N/A
🌒,U+1F312,\xF0\x9F\x8C\x92,WAXING CRESCENT MOON SYMBOL,0.563
🌖,U+1F316,\xF0\x9F\x8C\x96,WANING GIBBOUS MOON SYMBOL,0.611
🌗,U+1F317,\xF0\x9F\x8C\x97,LAST QUARTER MOON SYMBOL,0.611
🌘,U+1F318,\xF0\x9F\x8C\x98,WANING CRESCENT MOON SYMBOL,0.579
🌚,U+1F31A,\xF0\x9F\x8C\x9A,NEW MOON WITH FACE,0.464
🌜,U+1F31C,\xF0\x9F\x8C\x9C,LAST QUARTER MOON WITH FACE,0.5
🌝,U+1F31D,\xF0\x9F\x8C\x9D,FULL MOON WITH FACE,0.189
🌞,U+1F31E,\xF0\x9F\x8C\x9E,SUN WITH FACE,0.558
🌲,U+1F332,\xF0\x9F\x8C\xB2,EVERGREEN TREE,0.385
🌳,U+1F333,\xF0\x9F\x8C\xB3,DECIDUOUS TREE,0.486
🍋,U+1F34B,\xF0\x9F\x8D\x8B,LEMON,0.244
🍐,U+1F350,\xF0\x9F\x8D\x90,PEAR,0.158
🍼,U+1F37C,\xF0\x9F\x8D\xBC,BABY BOTTLE,0.455
🏇,U+1F3C7,\xF0\x9F\x8F\x87,HORSE RACING,-0.1
🏉,U+1F3C9,\xF0\x9F\x8F\x89,RUGBY FOOTBALL,0.5
🏤,U+1F3E4,\xF0\x9F\x8F\xA4,EUROPEAN POST OFFICE,0.25
🐀,U+1F400,\xF0\x9F\x90\x80,RAT,0.143
🐁,U+1F401,\xF0\x9F\x90\x81,MOUSE,-0.25
🐂,U+1F402,\xF0\x9F\x90\x82,OX,0.143
🐃,U+1F403,\xF0\x9F\x90\x83,WATER BUFFALO,0
🐄,U+1F404,\xF0\x9F\x90\x84,COW,0.278
🐅,U+1F405,\xF0\x9F\x90\x85,TIGER,0.125
🐆,U+1F406,\xF0\x9F\x90\x86,LEOPARD,0.3
🐇,U+1F407,\xF0\x9F\x90\x87,RABBIT,0.231
🐈,U+1F408,\xF0\x9F\x90\x88,CAT,0.294
🐉,U+1F409,\xF0\x9F\x90\x89,DRAGON,0.154
🐊,U+1F40A,\xF0\x9F\x90\x8A,CROCODILE,0.077
🐋,U+1F40B,\xF0\x9F\x90\x8B,WHALE,0.2
🐏,U+1F40F,\xF0\x9F\x90\x8F,RAM,0.558
🐐,U+1F410,\xF0\x9F\x90\x90,GOAT,0.417
🐓,U+1F413,\xF0\x9F\x90\x93,ROOSTER,0.028
🐕,U+1F415,\xF0\x9F\x90\x95,DOG,0.231
🐖,U+1F416,\xF0\x9F\x90\x96,PIG,0.15
🐪,U+1F42A,\xF0\x9F\x90\xAA,DROMEDARY CAMEL,0.563
👥,U+1F465,\xF0\x9F\x91\xA5,BUSTS IN SILHOUETTE,0.222
👬,U+1F46C,\xF0\x9F\x91\xAC,TWO MEN HOLDING HANDS,-0.059
👭,U+1F46D,\xF0\x9F\x91\xAD,TWO WOMEN HOLDING HANDS,0.463
💭,U+1F4AD,\xF0\x9F\x92\xAD,THOUGHT BALLOON,0.206
💶,U+1F4B6,\xF0\x9F\x92\xB6,BANKNOTE WITH EURO SIGN,0
💷,U+1F4B7,\xF0\x9F\x92\xB7,BANKNOTE WITH POUND SIGN,0.4
📬,U+1F4EC,\xF0\x9F\x93\xAC,OPEN MAILBOX WITH RAISED FLAG,#N/A
📭,U+1F4ED,\xF0\x9F\x93\xAD,OPEN MAILBOX WITH LOWERED FLAG,#N/A
📯,U+1F4EF,\xF0\x9F\x93\xAF,POSTAL HORN,-0.125
📵,U+1F4F5,\xF0\x9F\x93\xB5,NO MOBILE PHONES,0.111
🔀,U+1F500,\xF0\x9F\x94\x80,TWISTED RIGHTWARDS ARROWS,#N/A
🔁,U+1F501,\xF0\x9F\x94\x81,CLOCKWISE RIGHTWARDS AND LEFTWARDS OPEN CIRCLE ARROWS,#N/A
🔂,U+1F502,\xF0\x9F\x94\x82,CLOCKWISE RIGHTWARDS AND LEFTWARDS OPEN CIRCLE ARROWS WITH CIRCLED ONE OVERLAY,#N/A
🔄,U+1F504,\xF0\x9F\x94\x84,ANTICLOCKWISE DOWNWARDS AND UPWARDS OPEN CIRCLE ARROWS,0
🔅,U+1F505,\xF0\x9F\x94\x85,LOW BRIGHTNESS SYMBOL,0.833
🔆,U+1F506,\xF0\x9F\x94\x86,HIGH BRIGHTNESS SYMBOL,0.55
🔇,U+1F507,\xF0\x9F\x94\x87,SPEAKER WITH CANCELLATION STROKE,#N/A
🔉,U+1F509,\xF0\x9F\x94\x89,SPEAKER WITH ONE SOUND WAVE,#N/A
🔕,U+1F515,\xF0\x9F\x94\x95,BELL WITH CANCELLATION STROKE,#N/A
🔬,U+1F52C,\xF0\x9F\x94\xAC,MICROSCOPE,#N/A
🔭,U+1F52D,\xF0\x9F\x94\xAD,TELESCOPE,0.333
🕜,U+1F55C,\xF0\x9F\x95\x9C,CLOCK FACE ONE-THIRTY,#N/A
🕝,U+1F55D,\xF0\x9F\x95\x9D,CLOCK FACE TWO-THIRTY,#N/A
🕞,U+1F55E,\xF0\x9F\x95\x9E,CLOCK FACE THREE-THIRTY,#N/A
🕟,U+1F55F,\xF0\x9F\x95\x9F,CLOCK FACE FOUR-THIRTY,#N/A
🕠,U+1F560,\xF0\x9F\x95\xA0,CLOCK FACE FIVE-THIRTY,#N/A
🕡,U+1F561,\xF0\x9F\x95\xA1,CLOCK FACE SIX-THIRTY,#N/A
🕢,U+1F562,\xF0\x9F\x95\xA2,CLOCK FACE SEVEN-THIRTY,#N/A
🕣,U+1F563,\xF0\x9F\x95\xA3,CLOCK FACE EIGHT-THIRTY,#N/A
🕤,U+1F564,\xF0\x9F\x95\xA4,CLOCK FACE NINE-THIRTY,#N/A
🕥,U+1F565,\xF0\x9F\x95\xA5,CLOCK FACE TEN-THIRTY,#N/A
🕦,U+1F566,\xF0\x9F\x95\xA6,CLOCK FACE ELEVEN-THIRTY,#N/A
🕧,U+1F567,\xF0\x9F\x95\xA7,CLOCK FACE TWELVE-THIRTY,#N/A
